NOMBRE,GRAD_Y,GRAD_X
"GUILLERMO O SHANAHAN",28.46040114,-16.29973789
"FITOSANITARIOS DRAGO",28.44251957,-16.28339035
"SUMINISTROS DE ZOOTECNIA",28.45301791,-16.29733044
"SUMINISTROS DE ZOOTECNIA",28.45333563,-16.29721524
"SUMINISTROS DE ZOOTECNIA",28.45318041,-16.29724593
"GRANERO ABONOS",28.42361251,-16.33329973
"GRUPO SADA",28.42217561,-16.31889632
"COMPOSTURAS AVISAN",28.46913304,-16.26383134
