NOMBRE,GRAD_X,GRAD_Y
ANAGA,-16.2083758592,28.5362436666
SUROESTE,-16.317369102,28.4317295249
SALUD - LA SALLE,-16.2640800117,28.4627306663
SALUD-LA SALLE,-16.2640800117,28.4627306663
CENTRO - IFARA,-16.2545210178,28.4737729925
CENTRO-IFARA,-16.2545210178,28.4737729925
OFRA - COSTA SUR,-16.28122756,28.4480049135
OFRA-COSTA SUR,-16.28122756,28.4480049135
OFRA,-16.28122756,28.4480049135
POLIGONO DE OFRA,-16.28122756,28.4480049135
